date, pm25
2022/2/1, 278
2022/2/2, 229
2022/2/3, 220
2022/2/4, 131
2022/2/5, 189
2022/2/6, 184
2022/2/7, 184
2022/2/8, 182
2022/2/9, 165
2022/2/10, 157
2022/2/11, 158
2022/2/12, 155
2022/2/13, 171
2022/2/14, 153
2022/1/3, 298
2022/1/4, 259
2022/1/5, 325
2022/1/6, 190
2022/1/7, 155
2022/1/8, 127
2022/1/9, 123
2022/1/10, 180
2022/1/11, 181
2022/1/12, 190
2022/1/13, 301
2022/1/14, 274
2022/1/15, 218
2022/1/16, 223
2022/1/17, 248
2022/1/18, 269
2022/1/19, 256
2022/1/20, 323
2022/1/21, 255
2022/1/22, 203
2022/1/23, 192
2022/1/24, 177
2022/1/25, 190
2022/1/26, 194
2022/1/27, 187
2022/1/28, 176
2022/1/29, 193
2022/1/30, 209
2022/1/31, 279
2021/10/1, 118
2021/10/2, 131
2021/10/3, 91
2021/10/4, 82
2021/10/5, 103
2021/10/6, 123
2021/10/7, 153
2021/10/8, 157
2021/10/9, 153
2021/10/10, 136
2021/10/11, 129
2021/10/12, 155
2021/10/13, 143
2021/10/14, 155
2021/10/15, 170
2021/10/16, 210
2021/10/17, 176
2021/10/18, 47
2021/10/19, 123
2021/10/20, 173
2021/10/21, 146
2021/10/22, 120
2021/10/23, 131
2021/10/24, 137
2021/10/25, 109
2021/10/26, 153
2021/10/27, 179
2021/10/28, 192
2021/10/29, 190
2021/10/30, 185
2021/10/31, 191
2021/11/1, 181
2021/11/2, 188
2021/11/3, 202
2021/11/4, 350
2021/11/5, 398
2021/11/6, 381
2021/11/7, 298
2021/11/8, 294
2021/11/9, 310
2021/11/10, 269
2021/11/11, 331
2021/11/12, 437
2021/11/13, 331
2021/11/14, 211
2021/11/15, 239
2021/11/16, 303
2021/11/17, 245
2021/11/18, 230
2021/11/19, 273
2021/11/20, 254
2021/11/21, 255
2021/11/22, 211
2021/11/23, 195
2021/11/24, 250
2021/11/25, 298
2021/11/26, 305
2021/11/27, 267
2021/11/28, 321
2021/11/29, 278
2021/11/30, 232
2021/12/1, 274
2021/12/2, 347
2021/12/3, 265
2021/12/4, 224
2021/12/5, 207
2021/12/6, 215
2021/12/7, 178
2021/12/8, 183
2021/12/9, 203
2021/12/10, 209
2021/12/11, 182
2021/12/12, 187
2021/12/13, 214
2021/12/14, 258
2021/12/15, 252
2021/12/16, 268
2021/12/17, 220
2021/12/18, 214
2021/12/19, 210
2021/12/20, 233
2021/12/21, 282
2021/12/22, 318
2021/12/23, 368
2021/12/24, 328
2021/12/25, 390
2021/12/26, 406
2021/12/27, 191
2021/12/28, 193
2021/12/29, 189
2021/12/30, 216
2021/12/31, 258
2022/1/1, 278
2022/1/2, 319
2021/7/1, 114
2021/7/2, 124
2021/7/3, 102
2021/7/4, 128
2021/7/5, 114
2021/7/6, 117
2021/7/7, 117
2021/7/8, 118
2021/7/9, 125
2021/7/10, 86
2021/7/11, 113
2021/7/12, 89
2021/7/13, 78
2021/7/14, 84
2021/7/15, 110
2021/7/16, 103
2021/7/17, 113
2021/7/18, 81
2021/7/19, 38
2021/7/20, 86
2021/7/21, 94
2021/7/22, 77
2021/7/23, 81
2021/7/24, 99
2021/7/25, 90
2021/7/26, 117
2021/7/27, 91
2021/7/28, 54
2021/7/29, 72
2021/7/30, 90
2021/7/31, 61
2021/8/1, 77
2021/8/2, 113
2021/8/3, 83
2021/8/4, 65
2021/8/5, 101
2021/8/6, 123
2021/8/7, 100
2021/8/8, 111
2021/8/9, 126
2021/8/10, 99
2021/8/11, 80
2021/8/12, 83
2021/8/13, 85
2021/8/14, 81
2021/8/15, 85
2021/8/16, 96
2021/8/17, 119
2021/8/18, 138
2021/8/19, 153
2021/8/20, 104
2021/8/21, 66
2021/8/22, 94
2021/8/23, 89
2021/8/24, 109
2021/8/25, 91
2021/8/26, 83
2021/8/27, 113
2021/8/28, 121
2021/8/29, 124
2021/8/30, 74
2021/8/31, 58
2021/9/1, 63
2021/9/2, 76
2021/9/3, 65
2021/9/4, 67
2021/9/5, 96
2021/9/6, 110
2021/9/7, 111
2021/9/8, 69
2021/9/9, 81
2021/9/10, 85
2021/9/11, 61
2021/9/12, 74
2021/9/13, 96
2021/9/14, 74
2021/9/15, 55
2021/9/16, 62
2021/9/17, 66
2021/9/18, 88
2021/9/19, 75
2021/9/20, 78
2021/9/21, 83
2021/9/22, 75
2021/9/23, 71
2021/9/24, 69
2021/9/25, 104
2021/9/26, 95
2021/9/27, 127
2021/9/28, 110
2021/9/29, 81
2021/9/30, 88
2021/4/1, 111
2021/4/2, 127
2021/4/3, 116
2021/4/4, 138
2021/4/5, 154
2021/4/6, 184
2021/4/7, 154
2021/4/8, 120
2021/4/9, 129
2021/4/10, 152
2021/4/11, 147
2021/4/12, 178
2021/4/13, 164
2021/4/14, 144
2021/4/15, 157
2021/4/16, 148
2021/4/17, 106
2021/4/18, 132
2021/4/19, 149
2021/4/20, 136
2021/4/21, 120
2021/4/22, 113
2021/4/23, 118
2021/4/24, 99
2021/4/25, 176
2021/4/26, 219
2021/4/27, 221
2021/4/28, 237
2021/4/29, 219
2021/4/30, 180
2021/5/1, 158
2021/5/2, 144
2021/5/3, 187
2021/5/4, 135
2021/5/5, 154
2021/5/6, 143
2021/5/7, 140
2021/5/8, 138
2021/5/9, 135
2021/5/10, 139
2021/5/11, 137
2021/5/12, 116
2021/5/13, 103
2021/5/14, 120
2021/5/15, 123
2021/5/16, 136
2021/5/17, 155
2021/5/18, 81
2021/5/19, 95
2021/5/20, 79
2021/5/21, 81
2021/5/22, 73
2021/5/23, 200
2021/5/24, 134
2021/5/25, 111
2021/5/26, 115
2021/5/27, 123
2021/5/28, 86
2021/5/29, 63
2021/5/30, 74
2021/5/31, 103
2021/6/1, 87
2021/6/2, 118
2021/6/3, 144
2021/6/4, 134
2021/6/5, 117
2021/6/6, 102
2021/6/7, 131
2021/6/8, 143
2021/6/9, 130
2021/6/10, 142
2021/6/11, 105
2021/6/12, 103
2021/6/13, 100
2021/6/14, 98
2021/6/15, 100
2021/6/16, 103
2021/6/17, 103
2021/6/18, 78
2021/6/19, 74
2021/6/20, 78
2021/6/21, 101
2021/6/22, 119
2021/6/23, 157
2021/6/24, 130
2021/6/25, 131
2021/6/26, 119
2021/6/27, 158
2021/6/28, 154
2021/6/29, 145
2021/6/30, 133
2021/1/4, 164
2021/1/5, 142
2021/1/6, 201
2021/1/7, 188
2021/1/8, 219
2021/1/9, 217
2021/1/10, 198
2021/1/11, 195
2021/1/12, 244
2021/1/13, 303
2021/1/14, 447
2021/1/15, 432
2021/1/16, 332
2021/1/17, 309
2021/1/18, 261
2021/1/19, 341
2021/1/20, 201
2021/1/21, 212
2021/1/22, 276
2021/1/23, 240
2021/1/24, 290
2021/1/25, 232
2021/1/26, 230
2021/1/27, 236
2021/1/28, 309
2021/1/29, 281
2021/1/30, 206
2021/1/31, 194
2021/2/1, 264
2021/2/2, 268
2021/2/3, 235
2021/2/4, 214
2021/2/5, 156
2021/2/6, 176
2021/2/7, 199
2021/2/8, 241
2021/2/9, 258
2021/2/10, 211
2021/2/11, 244
2021/2/12, 283
2021/2/13, 226
2021/2/14, 252
2021/2/15, 215
2021/2/16, 235
2021/2/17, 221
2021/2/18, 195
2021/2/19, 231
2021/2/22, 181
2021/2/23, 158
2021/2/24, 172
2021/2/25, 200
2021/2/26, 173
2021/2/27, 132
2021/2/28, 150
2021/3/1, 142
2021/3/2, 142
2021/3/3, 166
2021/3/4, 162
2021/3/5, 169
2021/3/6, 178
2021/3/7, 174
2021/3/8, 176
2021/3/9, 181
2021/3/10, 136
2021/3/11, 172
2021/3/12, 136
2021/3/13, 159
2021/3/14, 167
2021/3/15, 175
2021/3/16, 185
2021/3/17, 180
2021/3/18, 190
2021/3/19, 176
2021/3/20, 183
2021/3/21, 164
2021/3/22, 155
2021/3/23, 142
2021/3/24, 141
2021/3/25, 123
2021/3/26, 152
2021/3/27, 155
2021/3/28, 150
2021/3/29, 155
2021/3/30, 166
2021/3/31, 130
2020/10/1, 142
2020/10/2, 154
2020/10/3, 153
2020/10/4, 153
2020/10/5, 145
2020/10/6, 150
2020/10/7, 162
2020/10/8, 158
2020/10/9, 164
2020/10/10, 167
2020/10/11, 167
2020/10/12, 179
2020/10/13, 182
2020/10/14, 180
2020/10/15, 185
2020/10/16, 173
2020/10/17, 184
2020/10/18, 171
2020/10/19, 177
2020/10/20, 166
2020/10/21, 156
2020/10/22, 199
2020/10/23, 254
2020/10/24, 220
2020/10/25, 217
2020/10/26, 226
2020/10/27, 229
2020/10/28, 216
2020/10/29, 276
2020/10/30, 265
2020/10/31, 317
2020/11/1, 302
2020/11/2, 201
2020/11/3, 176
2020/11/4, 330
2020/11/5, 311
2020/11/6, 275
2020/11/7, 338
2020/11/8, 337
2020/11/9, 519
2020/11/10, 455
2020/11/11, 193
2020/11/12, 225
2020/11/13, 225
2020/11/14, 393
2020/11/15, 340
2020/11/16, 168
2020/11/17, 159
2020/11/18, 181
2020/11/19, 190
2020/11/20, 215
2020/11/21, 187
2020/11/22, 203
2020/11/23, 207
2020/11/24, 285
2020/11/25, 326
2020/11/26, 176
2020/11/27, 155
2020/11/28, 185
2020/11/29, 182
2020/11/30, 218
2020/12/1, 271
2020/12/2, 261
2020/12/3, 228
2020/12/4, 266
2020/12/5, 294
2020/12/6, 277
2020/12/7, 341
2020/12/8, 250
2020/12/9, 237
2020/12/10, 190
2020/12/11, 200
2020/12/12, 309
2020/12/13, 189
2020/12/14, 165
2020/12/15, 189
2020/12/16, 193
2020/12/17, 210
2020/12/18, 200
2020/12/19, 228
2020/12/20, 236
2020/12/21, 239
2020/12/22, 343
2020/12/23, 374
2020/12/24, 355
2020/12/25, 275
2020/12/26, 259
2020/12/27, 311
2020/12/28, 162
2020/12/29, 194
2020/12/30, 221
2020/12/31, 298
2021/1/1, 410
2021/1/2, 380
2021/1/3, 222
2020/7/1, 131
2020/7/2, 142
2020/7/3, 144
2020/7/4, 116
2020/7/5, 80
2020/7/6, 114
2020/7/7, 56
2020/7/8, 69
2020/7/9, 85
2020/7/10, 73
2020/7/11, 60
2020/7/12, 62
2020/7/13, 83
2020/7/14, 103
2020/7/15, 105
2020/7/16, 84
2020/7/17, 118
2020/7/18, 109
2020/7/19, 69
2020/7/20, 60
2020/7/21, 67
2020/7/22, 56
2020/7/23, 91
2020/7/24, 103
2020/7/25, 82
2020/7/26, 97
2020/7/27, 86
2020/7/28, 71
2020/7/29, 69
2020/7/30, 52
2020/7/31, 102
2020/8/1, 94
2020/8/2, 67
2020/8/3, 69
2020/8/4, 70
2020/8/5, 101
2020/8/6, 52
2020/8/7, 72
2020/8/8, 121
2020/8/9, 86
2020/8/10, 81
2020/8/11, 106
2020/8/12, 66
2020/8/13, 46
2020/8/14, 61
2020/8/15, 83
2020/8/16, 58
2020/8/17, 78
2020/8/18, 73
2020/8/19, 61
2020/8/20, 58
2020/8/21, 58
2020/8/22, 50
2020/8/23, 56
2020/8/24, 47
2020/8/25, 53
2020/8/26, 51
2020/8/27, 56
2020/8/28, 70
2020/8/29, 84
2020/8/30, 38
2020/8/31, 45
2020/9/1, 53
2020/9/2, 58
2020/9/3, 91
2020/9/4, 102
2020/9/5, 67
2020/9/6, 69
2020/9/7, 118
2020/9/8, 86
2020/9/9, 132
2020/9/10, 131
2020/9/11, 133
2020/9/12, 137
2020/9/13, 149
2020/9/14, 152
2020/9/15, 147
2020/9/16, 148
2020/9/17, 118
2020/9/18, 104
2020/9/19, 136
2020/9/20, 146
2020/9/21, 146
2020/9/22, 98
2020/9/23, 74
2020/9/24, 101
2020/9/25, 128
2020/9/26, 129
2020/9/27, 94
2020/9/28, 147
2020/9/29, 149
2020/9/30, 134
2020/4/1, 89
2020/4/2, 76
2020/4/3, 91
2020/4/4, 98
2020/4/5, 117
2020/4/6, 118
2020/4/7, 90
2020/4/8, 100
2020/4/9, 99
2020/4/10, 124
2020/4/11, 118
2020/4/12, 105
2020/4/13, 129
2020/4/14, 121
2020/4/15, 128
2020/4/16, 133
2020/4/17, 76
2020/4/18, 84
2020/4/19, 82
2020/4/20, 92
2020/4/21, 92
2020/4/22, 117
2020/4/23, 115
2020/4/24, 133
2020/4/25, 77
2020/4/26, 103
2020/4/27, 82
2020/4/28, 105
2020/4/29, 135
2020/4/30, 136
2020/5/1, 146
2020/5/2, 102
2020/5/3, 93
2020/5/4, 79
2020/5/5, 118
2020/5/6, 139
2020/5/7, 86
2020/5/8, 120
2020/5/9, 140
2020/5/10, 111
2020/5/11, 122
2020/5/12, 118
2020/5/13, 152
2020/5/14, 124
2020/5/15, 120
2020/5/16, 143
2020/5/17, 160
2020/5/18, 159
2020/5/19, 158
2020/5/20, 134
2020/5/21, 118
2020/5/22, 149
2020/5/23, 136
2020/5/24, 121
2020/5/25, 130
2020/5/26, 127
2020/5/27, 118
2020/5/28, 105
2020/5/29, 78
2020/5/30, 76
2020/5/31, 68
2020/6/1, 106
2020/6/2, 104
2020/6/3, 127
2020/6/4, 132
2020/6/5, 99
2020/6/6, 87
2020/6/7, 104
2020/6/8, 108
2020/6/9, 140
2020/6/10, 133
2020/6/11, 123
2020/6/12, 149
2020/6/13, 130
2020/6/14, 148
2020/6/15, 121
2020/6/16, 106
2020/6/17, 89
2020/6/18, 100
2020/6/19, 138
2020/6/20, 103
2020/6/21, 109
2020/6/22, 109
2020/6/23, 79
2020/6/24, 87
2020/6/25, 92
2020/6/26, 114
2020/6/27, 105
2020/6/28, 138
2020/6/29, 104
2020/6/30, 109
2020/1/1, 357
2020/1/2, 325
2020/1/3, 276
2020/1/4, 260
2020/1/5, 219
2020/1/6, 210
2020/1/7, 187
2020/1/8, 189
2020/1/9, 172
2020/1/10, 199
2020/1/11, 214
2020/1/12, 253
2020/1/13, 265
2020/1/14, 183
2020/1/15, 180
2020/1/16, 211
2020/1/17, 181
2020/1/18, 194
2020/1/19, 194
2020/1/20, 211
2020/1/21, 256
2020/1/22, 268
2020/1/23, 145
2020/1/24, 157
2020/1/25, 186
2020/1/26, 246
2020/1/27, 253
2020/1/28, 181
2020/1/29, 157
2020/1/30, 165
2020/1/31, 170
2020/2/1, 177
2020/2/2, 191
2020/2/3, 192
2020/2/4, 227
2020/2/5, 199
2020/2/6, 182
2020/2/7, 195
2020/2/8, 216
2020/2/9, 215
2020/2/10, 242
2020/2/11, 231
2020/2/12, 242
2020/2/13, 172
2020/2/14, 150
2020/2/15, 162
2020/2/16, 183
2020/2/17, 224
2020/2/18, 198
2020/2/19, 184
2020/2/20, 174
2020/2/21, 119
2020/2/22, 148
2020/2/23, 169
2020/2/24, 151
2020/2/25, 214
2020/2/26, 198
2020/2/27, 175
2020/2/28, 165
2020/2/29, 144
2020/3/1, 102
2020/3/2, 165
2020/3/3, 150
2020/3/4, 149
2020/3/5, 85
2020/3/6, 67
2020/3/7, 109
2020/3/8, 136
2020/3/9, 127
2020/3/10, 160
2020/3/11, 139
2020/3/12, 129
2020/3/13, 139
2020/3/14, 107
2020/3/15, 140
2020/3/16, 141
2020/3/17, 142
2020/3/18, 141
2020/3/19, 163
2020/3/20, 165
2020/3/21, 146
2020/3/22, 146
2020/3/23, 120
2020/3/24, 123
2020/3/25, 93
2020/3/26, 105
2020/3/27, 76
2020/3/28, 64
2020/3/29, 87
2019/10/1, 87
2019/10/2, 102
2019/10/3, 130
2019/10/4, 122
2019/10/5, 103
2019/10/6, 145
2019/10/7, 133
2019/10/8, 107
2019/10/9, 152
2019/10/10, 162
2019/10/11, 181
2019/10/15, 175
2019/10/16, 191
2019/10/17, 178
2019/10/18, 159
2019/10/19, 139
2019/10/20, 164
2019/10/21, 179
2019/10/22, 163
2019/10/23, 174
2019/10/24, 198
2019/10/25, 182
2019/10/26, 187
2019/10/27, 236
2019/10/28, 298
2019/10/29, 310
2019/10/30, 305
2019/10/31, 328
2019/11/1, 424
2019/11/2, 350
2019/11/3, 553
2019/11/4, 313
2019/11/5, 263
2019/11/6, 163
2019/11/7, 251
2019/11/8, 212
2019/11/9, 199
2019/11/10, 252
2019/11/11, 287
2019/11/12, 398
2019/11/13, 434
2019/11/14, 436
2019/11/15, 458
2019/11/16, 252
2019/11/17, 163
2019/11/18, 179
2019/11/19, 184
2019/11/20, 196
2019/11/21, 254
2019/11/22, 227
2019/11/23, 193
2019/11/24, 178
2019/11/25, 182
2019/11/26, 174
2019/11/27, 126
2019/11/28, 91
2019/11/29, 130
2019/11/30, 177
2019/12/1, 191
2019/12/2, 195
2019/12/3, 193
2019/12/4, 191
2019/12/5, 288
2019/12/6, 297
2019/12/7, 295
2019/12/8, 282
2019/12/9, 249
2019/12/10, 267
2019/12/11, 301
2019/12/12, 312
2019/12/13, 175
2019/12/14, 164
2019/12/15, 173
2019/12/16, 174
2019/12/17, 175
2019/12/18, 204
2019/12/19, 329
2019/12/20, 377
2019/12/21, 325
2019/12/22, 208
2019/12/23, 243
2019/12/24, 341
2019/12/25, 231
2019/12/26, 267
2019/12/27, 293
2019/12/28, 347
2019/12/29, 407
2019/7/1, 146
2019/7/2, 155
2019/7/3, 102
2019/7/4, 91
2019/7/5, 122
2019/7/6, 87
2019/7/7, 98
2019/7/8, 133
2019/7/9, 123
2019/7/10, 147
2019/7/11, 157
2019/7/12, 153
2019/7/13, 141
2019/7/14, 150
2019/7/15, 112
2019/7/16, 98
2019/7/17, 100
2019/7/18, 82
2019/7/19, 141
2019/7/20, 120
2019/7/21, 116
2019/7/22, 135
2019/7/23, 150
2019/7/24, 136
2019/7/25, 66
2019/7/26, 90
2019/7/27, 74
2019/7/28, 65
2019/7/29, 63
2019/7/30, 78
2019/7/31, 79
2019/8/1, 88
2019/8/2, 94
2019/8/3, 101
2019/8/4, 125
2019/8/5, 130
2019/8/6, 84
2019/8/7, 91
2019/8/8, 71
2019/8/9, 50
2019/8/10, 53
2019/8/11, 75
2019/8/12, 67
2019/8/13, 70
2019/8/14, 86
2019/8/15, 90
2019/8/16, 58
2019/8/17, 36
2019/8/18, 49
2019/8/19, 103
2019/8/20, 122
2019/8/21, 122
2019/8/22, 114
2019/8/23, 132
2019/8/24, 153
2019/8/26, 65
2019/8/27, 97
2019/8/28, 106
2019/8/29, 93
2019/8/30, 95
2019/8/31, 119
2019/9/1, 89
2019/9/2, 116
2019/9/3, 154
2019/9/4, 158
2019/9/5, 89
2019/9/6, 85
2019/9/7, 83
2019/9/8, 93
2019/9/9, 137
2019/9/10, 146
2019/9/11, 159
2019/9/12, 136
2019/9/13, 90
2019/9/14, 78
2019/9/15, 102
2019/9/16, 139
2019/9/17, 140
2019/9/18, 98
2019/9/19, 68
2019/9/20, 89
2019/9/21, 100
2019/9/22, 74
2019/9/23, 91
2019/9/24, 95
2019/9/25, 88
2019/9/26, 59
2019/9/27, 45
2019/9/28, 61
2019/9/29, 50
2019/9/30, 82
2019/4/1, 133
2019/4/2, 137
2019/4/3, 144
2019/4/4, 161
2019/4/5, 170
2019/4/6, 152
2019/4/7, 199
2019/4/8, 149
2019/4/9, 155
2019/4/10, 158
2019/4/11, 148
2019/4/12, 137
2019/4/13, 122
2019/4/14, 123
2019/4/15, 127
2019/4/16, 127
2019/4/17, 63
2019/4/18, 99
2019/4/19, 148
2019/4/20, 159
2019/4/21, 147
2019/4/22, 169
2019/4/23, 163
2019/4/24, 158
2019/4/25, 167
2019/4/26, 161
2019/4/27, 160
2019/4/28, 173
2019/4/29, 175
2019/4/30, 167
2019/5/1, 174
2019/5/2, 161
2019/5/3, 178
2019/5/4, 161
2019/5/5, 190
2019/5/6, 183
2019/5/7, 188
2019/5/8, 218
2019/5/9, 218
2019/5/10, 197
2019/5/11, 184
2019/5/12, 276
2019/5/13, 268
2019/5/14, 125
2019/5/15, 147
2019/5/16, 138
2019/5/17, 145
2019/5/18, 108
2019/5/19, 159
2019/5/20, 162
2019/5/21, 149
2019/5/22, 134
2019/5/23, 159
2019/5/24, 106
2019/5/25, 109
2019/5/26, 124
2019/5/27, 124
2019/5/28, 129
2019/5/29, 136
2019/5/30, 146
2019/5/31, 155
2019/6/1, 164
2019/6/2, 154
2019/6/3, 143
2019/6/4, 130
2019/6/5, 151
2019/6/6, 145
2019/6/7, 126
2019/6/8, 132
2019/6/9, 151
2019/6/10, 132
2019/6/11, 166
2019/6/12, 129
2019/6/13, 120
2019/6/14, 116
2019/6/15, 156
2019/6/16, 117
2019/6/17, 104
2019/6/18, 91
2019/6/19, 163
2019/6/20, 102
2019/6/21, 150
2019/6/22, 148
2019/6/23, 104
2019/6/24, 75
2019/6/25, 127
2019/6/26, 152
2019/6/27, 153
2019/6/28, 136
2019/6/29, 143
2019/6/30, 153
2019/1/1, 319
2019/1/2, 328
2019/1/3, 375
2019/1/4, 292
2019/1/5, 282
2019/1/6, 227
2019/1/7, 233
2019/1/8, 235
2019/1/9, 202
2019/1/10, 209
2019/1/11, 297
2019/1/12, 287
2019/1/13, 301
2019/1/14, 158
2019/1/15, 181
2019/1/16, 280
2019/1/17, 371
2019/1/18, 283
2019/1/19, 280
2019/1/20, 281
2019/1/21, 210
2019/1/22, 119
2019/1/23, 199
2019/1/24, 203
2019/1/25, 154
2019/1/26, 169
2019/1/27, 200
2019/1/28, 175
2019/1/29, 194
2019/1/30, 250
2019/1/31, 267
2019/2/1, 226
2019/2/2, 246
2019/2/3, 205
2019/2/4, 181
2019/2/5, 237
2019/2/6, 247
2019/2/7, 138
2019/2/8, 127
2019/2/9, 164
2019/2/10, 222
2019/3/18, 124
2019/3/19, 161
2019/3/20, 146
2019/3/21, 184
2019/3/22, 99
2019/3/23, 123
2019/3/24, 132
2019/3/25, 140
2019/3/26, 142
2019/3/27, 139
2019/3/28, 161
2019/3/29, 162
2019/3/30, 160
2019/3/31, 124
2018/10/1, 151
2018/10/2, 156
2018/10/3, 125
2018/10/4, 167
2018/10/5, 174
2018/10/6, 148
2018/10/7, 157
2018/10/8, 174
2018/10/9, 171
2018/10/10, 162
2018/10/11, 134
2018/10/12, 135
2018/10/13, 181
2018/10/14, 160
2018/10/15, 177
2018/10/16, 180
2018/10/17, 172
2018/10/18, 167
2018/10/19, 182
2018/10/20, 202
2018/10/21, 180
2018/10/22, 170
2018/10/23, 164
2018/10/24, 186
2018/10/25, 204
2018/10/26, 169
2018/10/27, 242
2018/10/28, 248
2018/10/29, 263
2018/10/30, 312
2018/10/31, 249
2018/11/1, 257
2018/11/2, 241
2018/11/3, 203
2018/11/4, 146
2018/11/5, 370
2018/11/6, 232
2018/11/7, 195
2018/11/8, 357
2018/11/9, 321
2018/11/10, 304
2018/11/11, 276
2018/11/12, 287
2018/11/13, 279
2018/11/14, 210
2018/11/15, 172
2018/11/16, 209
2018/11/17, 188
2018/11/18, 192
2018/11/19, 232
2018/11/20, 249
2018/11/21, 281
2018/11/22, 174
2018/11/23, 229
2018/11/24, 169
2018/11/25, 174
2018/11/26, 222
2018/11/27, 199
2018/11/28, 209
2018/11/29, 224
2018/11/30, 232
2018/12/1, 208
2018/12/2, 177
2018/12/3, 211
2018/12/4, 227
2018/12/5, 214
2018/12/6, 232
2018/12/7, 235
2018/12/8, 243
2018/12/9, 240
2018/12/10, 288
2018/12/11, 298
2018/12/12, 255
2018/12/13, 156
2018/12/14, 173
2018/12/15, 185
2018/12/16, 189
2018/12/17, 230
2018/12/18, 271
2018/12/19, 247
2018/12/20, 281
2018/12/21, 310
2018/12/22, 359
2018/12/23, 394
2018/12/24, 355
2018/12/25, 350
2018/12/26, 277
2018/12/27, 286
2018/12/28, 297
2018/12/29, 270
2018/12/30, 304
2018/7/1, 79
2018/7/2, 82
2018/7/3, 103
2018/7/4, 118
2018/7/5, 126
2018/7/6, 134
2018/7/7, 144
2018/7/8, 144
2018/7/9, 158
2018/7/10, 119
2018/7/11, 105
2018/7/12, 122
2018/7/13, 86
2018/7/14, 94
2018/7/15, 91
2018/7/16, 97
2018/7/17, 89
2018/7/18, 103
2018/7/19, 97
2018/7/20, 103
2018/7/21, 136
2018/7/22, 82
2018/7/23, 90
2018/7/24, 101
2018/7/25, 89
2018/7/26, 87
2018/7/27, 80
2018/7/28, 96
2018/7/29, 94
2018/7/30, 108
2018/7/31, 113
2018/8/1, 113
2018/8/2, 149
2018/8/3, 145
2018/8/4, 141
2018/8/5, 143
2018/8/6, 133
2018/8/7, 117
2018/8/8, 76
2018/8/9, 81
2018/8/10, 98
2018/8/11, 72
2018/8/12, 52
2018/8/13, 68
2018/8/14, 100
2018/8/15, 102
2018/8/16, 73
2018/8/17, 82
2018/8/18, 71
2018/8/19, 114
2018/8/20, 167
2018/8/21, 38
2018/8/23, 61
2018/8/24, 44
2018/8/25, 43
2018/8/26, 43
2018/8/27, 52
2018/8/28, 74
2018/8/29, 56
2018/8/30, 84
2018/8/31, 115
2018/9/1, 106
2018/9/3, 113
2018/9/4, 124
2018/9/5, 92
2018/9/6, 99
2018/9/7, 83
2018/9/8, 64
2018/9/9, 46
2018/9/10, 59
2018/9/12, 7
2018/9/13, 17
2018/9/14, 103
2018/9/15, 83
2018/9/16, 102
2018/9/17, 137
2018/9/18, 132
2018/9/19, 139
2018/9/20, 149
2018/9/21, 100
2018/9/22, 54
2018/9/23, 79
2018/9/24, 54
2018/9/25, 59
2018/9/26, 98
2018/9/27, 144
2018/9/28, 143
2018/9/29, 152
2018/9/30, 130
2018/4/1, 138
2018/4/2, 152
2018/4/3, 160
2018/4/4, 161
2018/4/5, 204
2018/4/6, 145
2018/4/7, 88
2018/4/8, 112
2018/4/9, 105
2018/4/10, 149
2018/4/11, 106
2018/4/12, 86
2018/4/13, 124
2018/4/14, 136
2018/4/15, 157
2018/4/16, 161
2018/4/17, 133
2018/4/18, 126
2018/4/19, 160
2018/4/20, 155
2018/4/21, 193
2018/4/22, 122
2018/4/23, 158
2018/4/24, 175
2018/4/25, 148
2018/4/26, 180
2018/4/27, 169
2018/4/28, 162
2018/4/29, 162
2018/4/30, 155
2018/5/1, 119
2018/5/2, 126
2018/5/3, 116
2018/5/4, 98
2018/5/5, 134
2018/5/6, 143
2018/5/7, 159
2018/5/8, 119
2018/5/9, 144
2018/5/10, 163
2018/5/11, 181
2018/5/12, 201
2018/5/13, 161
2018/5/14, 109
2018/5/15, 147
2018/5/16, 146
2018/5/17, 167
2018/5/18, 163
2018/5/19, 158
2018/5/20, 145
2018/5/21, 137
2018/5/22, 158
2018/5/23, 180
2018/5/24, 173
2018/5/25, 145
2018/5/26, 146
2018/5/27, 151
2018/5/28, 165
2018/5/29, 163
2018/5/30, 131
2018/5/31, 139
2018/6/1, 145
2018/6/2, 104
2018/6/3, 121
2018/6/4, 135
2018/6/5, 107
2018/6/6, 123
2018/6/7, 146
2018/6/8, 148
2018/6/9, 119
2018/6/10, 127
2018/6/11, 148
2018/6/12, 208
2018/6/13, 286
2018/6/14, 260
2018/6/15, 195
2018/6/16, 204
2018/6/18, 107
2018/6/19, 113
2018/6/20, 144
2018/6/21, 149
2018/6/22, 145
2018/6/23, 152
2018/6/24, 128
2018/6/25, 148
2018/6/26, 119
2018/6/27, 119
2018/6/28, 71
2018/6/29, 97
2018/6/30, 107
2018/1/1, 389
2018/1/2, 420
2018/1/3, 343
2018/1/4, 290
2018/1/5, 341
2018/1/6, 323
2018/1/7, 293
2018/1/8, 233
2018/1/9, 305
2018/1/10, 270
2018/1/11, 236
2018/1/12, 249
2018/1/13, 258
2018/1/14, 259
2018/1/15, 297
2018/1/16, 200
2018/1/17, 284
2018/1/18, 332
2018/1/19, 358
2018/1/20, 267
2018/1/21, 231
2018/1/22, 251
2018/1/23, 256
2018/1/24, 229
2018/1/25, 207
2018/1/26, 238
2018/1/27, 251
2018/1/28, 273
2018/1/29, 261
2018/1/30, 225
2018/1/31, 206
2018/2/1, 210
2018/2/2, 219
2018/2/3, 179
2018/2/4, 204
2018/2/5, 222
2018/2/6, 216
2018/2/7, 193
2018/2/8, 223
2018/2/9, 259
2018/2/10, 227
2018/2/11, 180
2018/2/12, 154
2018/2/13, 167
2018/2/14, 144
2018/2/15, 152
2018/2/16, 169
2018/2/20, 156
2018/2/21, 193
2018/2/22, 205
2018/2/23, 186
2018/2/24, 198
2018/2/25, 170
2018/2/26, 131
2018/2/27, 153
2018/2/28, 217
2018/3/1, 170
2018/3/2, 175
2018/3/3, 167
2018/3/4, 145
2018/3/5, 140
2018/3/6, 140
2018/3/7, 147
2018/3/8, 168
2018/3/9, 178
2018/3/10, 141
2018/3/11, 160
2018/3/12, 171
2018/3/13, 154
2018/3/14, 157
2018/3/15, 143
2018/3/16, 161
2018/3/17, 132
2018/3/18, 142
2018/3/19, 136
2018/3/20, 156
2018/3/21, 182
2018/3/22, 147
2018/3/23, 125
2018/3/24, 137
2018/3/25, 152
2018/3/26, 146
2018/3/27, 143
2018/3/28, 143
2018/3/29, 147
2018/3/30, 143
2018/3/31, 158
2017/10/1, 144
2017/10/2, 124
2017/10/3, 143
2017/10/4, 157
2017/10/5, 148
2017/10/6, 140
2017/10/7, 155
2017/10/8, 176
2017/10/9, 170
2017/10/10, 175
2017/10/11, 178
2017/10/12, 188
2017/10/13, 190
2017/10/14, 183
2017/10/15, 219
2017/10/16, 195
2017/10/17, 198
2017/10/18, 207
2017/10/19, 224
2017/10/20, 524
2017/10/21, 290
2017/10/22, 217
2017/10/23, 200
2017/10/24, 215
2017/10/25, 240
2017/10/26, 207
2017/10/27, 213
2017/10/28, 229
2017/10/29, 239
2017/10/30, 260
2017/12/20, 405
2017/12/21, 413
2017/12/22, 273
2017/12/23, 196
2017/12/24, 234
2017/12/25, 347
2017/12/26, 309
2017/12/27, 284
2017/12/28, 317
2017/12/29, 291
2017/12/30, 347
2017/12/31, 370
2017/7/1, 104
2017/7/2, 66
2017/7/3, 110
2017/7/4, 119
2017/7/5, 125
2017/7/6, 122
2017/7/7, 115
2017/7/8, 112
2017/7/9, 133
2017/7/10, 104
2017/7/11, 98
2017/7/12, 70
2017/7/13, 67
2017/7/14, 76
2017/7/15, 80
2017/7/17, 88
2017/7/18, 110
2017/7/19, 122
2017/7/20, 86
2017/7/21, 66
2017/7/22, 59
2017/7/23, 66
2017/7/24, 59
2017/7/25, 64
2017/7/26, 65
2017/7/27, 68
2017/7/28, 76
2017/7/29, 84
2017/7/30, 39
2017/7/31, 58
2017/8/1, 58
2017/8/2, 80
2017/8/3, 78
2017/8/4, 108
2017/8/5, 134
2017/8/6, 149
2017/8/7, 135
2017/8/8, 108
2017/8/9, 121
2017/8/10, 119
2017/8/11, 72
2017/8/12, 54
2017/8/13, 65
2017/8/14, 75
2017/8/15, 86
2017/8/16, 91
2017/8/17, 100
2017/8/18, 108
2017/8/19, 96
2017/8/20, 73
2017/8/21, 76
2017/8/24, 141
2017/8/25, 146
2017/9/11, 128
2017/9/12, 111
2017/9/13, 136
2017/9/14, 152
2017/9/15, 128
2017/9/16, 134
2017/9/17, 116
2017/9/18, 120
2017/9/19, 136
2017/9/20, 147
2017/9/21, 115
2017/9/22, 43
2017/9/23, 38
2017/9/24, 89
2017/9/25, 127
2017/9/26, 144
2017/9/27, 157
2017/9/28, 154
2017/9/29, 163
2017/9/30, 151
2017/4/1, 157
2017/4/2, 145
2017/4/3, 118
2017/4/4, 108
2017/4/5, 83
2017/4/6, 114
2017/4/7, 216
2017/4/8, 176
2017/4/9, 83
2017/4/10, 107
2017/4/11, 137
2017/4/12, 149
2017/4/13, 167
2017/4/14, 187
2017/4/15, 174
2017/4/16, 211
2017/4/17, 178
2017/4/18, 189
2017/4/19, 150
2017/4/20, 155
2017/4/21, 174
2017/4/22, 174
2017/4/23, 162
2017/4/24, 162
2017/4/25, 147
2017/4/26, 96
2017/4/27, 131
2017/4/28, 137
2017/4/29, 99
2017/5/1, 96
2017/5/2, 161
2017/5/3, 179
2017/5/4, 145
2017/5/5, 219
2017/5/6, 206
2017/5/7, 195
2017/5/8, 186
2017/5/9, 153
2017/5/10, 138
2017/5/11, 132
2017/5/12, 219
2017/5/13, 170
2017/5/14, 162
2017/5/15, 136
2017/5/16, 171
2017/5/17, 135
2017/5/18, 157
2017/5/19, 126
2017/5/20, 138
2017/5/21, 182
2017/5/22, 158
2017/5/23, 154
2017/5/24, 157
2017/5/25, 138
2017/5/26, 153
2017/5/27, 129
2017/5/28, 88
2017/5/29, 106
2017/5/30, 131
2017/5/31, 112
2017/6/1, 155
2017/6/2, 168
2017/6/3, 149
2017/6/4, 156
2017/6/5, 113
2017/6/6, 122
2017/6/7, 81
2017/6/8, 102
2017/6/9, 143
2017/6/10, 142
2017/6/11, 97
2017/6/12, 117
2017/6/13, 107
2017/6/14, 120
2017/6/15, 138
2017/6/16, 110
2017/6/17, 99
2017/6/18, 125
2017/6/19, 119
2017/6/20, 81
2017/6/21, 132
2017/6/22, 126
2017/6/23, 117
2017/6/24, 131
2017/6/25, 148
2017/6/26, 125
2017/6/27, 99
2017/6/28, 75
2017/6/29, 64
2017/6/30, 64
2017/1/2, 241
2017/1/3, 263
2017/1/4, 231
2017/1/5, 217
2017/1/6, 213
2017/1/7, 192
2017/1/8, 188
2017/1/9, 203
2017/1/10, 167
2017/1/11, 200
2017/1/12, 279
2017/1/13, 294
2017/1/14, 327
2017/1/15, 232
2017/1/16, 214
2017/1/17, 200
2017/1/18, 220
2017/1/19, 210
2017/1/20, 170
2017/1/21, 292
2017/1/22, 300
2017/1/23, 231
2017/1/24, 252
2017/1/25, 260
2017/1/26, 183
2017/1/27, 128
2017/1/28, 185
2017/1/29, 197
2017/1/30, 207
2017/1/31, 207
2017/2/1, 185
2017/2/2, 235
2017/2/3, 254
2017/2/4, 201
2017/2/5, 194
2017/2/6, 221
2017/2/7, 157
2017/2/8, 188
2017/2/9, 183
2017/2/10, 168
2017/2/11, 174
2017/2/12, 191
2017/2/13, 179
2017/2/14, 190
2017/2/15, 191
2017/2/16, 180
2017/2/17, 169
2017/2/18, 163
2017/2/19, 167
2017/2/20, 164
2017/2/21, 162
2017/2/22, 145
2017/2/23, 138
2017/2/24, 121
2017/2/25, 131
2017/2/26, 159
2017/2/27, 153
2017/2/28, 145
2017/3/1, 162
2017/3/2, 169
2017/3/3, 115
2017/3/4, 135
2017/3/5, 133
2017/3/6, 148
2017/3/7, 158
2017/3/8, 113
2017/3/9, 117
2017/3/10, 90
2017/3/11, 74
2017/3/12, 96
2017/3/13, 125
2017/3/14, 132
2017/3/15, 164
2017/3/16, 170
2017/3/17, 157
2017/3/18, 147
2017/3/19, 147
2017/3/20, 172
2017/3/21, 166
2017/3/22, 162
2017/3/23, 190
2017/3/24, 151
2017/3/25, 132
2017/3/26, 138
2017/3/27, 144
2017/3/28, 179
2017/3/29, 169
2017/3/30, 125
2017/3/31, 138
2016/10/1, 170
2016/10/2, 142
2016/10/3, 159
2016/10/4, 185
2016/10/5, 143
2016/10/6, 170
2016/10/7, 174
2016/10/8, 167
2016/10/9, 182
2016/10/10, 161
2016/10/11, 172
2016/10/12, 159
2016/10/13, 126
2016/10/14, 136
2016/10/15, 178
2016/10/16, 159
2016/10/17, 171
2016/10/18, 177
2016/10/19, 156
2016/10/20, 144
2016/10/21, 130
2016/10/22, 144
2016/10/23, 198
2016/10/24, 179
2016/10/25, 140
2016/10/26, 192
2016/10/27, 292
2016/10/28, 291
2016/10/29, 277
2016/10/30, 329
2016/10/31, 579
2016/11/1, 445
2016/11/2, 558
2016/11/3, 637
2016/11/4, 348
2016/11/5, 707
2016/11/6, 787
2016/11/7, 573
2016/11/8, 408
2016/11/9, 358
2016/11/10, 306
2016/11/11, 323
2016/11/12, 285
2016/11/13, 232
2016/11/14, 221
2016/11/15, 253
2016/11/16, 299
2016/11/17, 264
2016/11/18, 247
2016/11/19, 253
2016/11/20, 262
2016/11/21, 254
2016/11/22, 184
2016/11/23, 198
2016/11/24, 244
2016/11/25, 178
2016/11/26, 161
2016/11/27, 169
2016/11/28, 157
2016/11/29, 218
2016/11/30, 298
2016/12/1, 324
2016/12/2, 332
2016/12/3, 236
2016/12/4, 212
2016/12/5, 227
2016/12/6, 318
2016/12/7, 320
2016/12/8, 300
2016/12/9, 283
2016/12/10, 270
2016/12/11, 235
2016/12/12, 234
2016/12/13, 230
2016/12/14, 204
2016/12/15, 210
2016/12/16, 208
2016/12/17, 280
2016/12/18, 283
2016/12/19, 296
2016/12/20, 216
2016/12/21, 183
2016/12/22, 220
2016/12/23, 387
2016/12/24, 430
2016/12/25, 316
2016/12/26, 241
2016/12/27, 232
2016/12/28, 255
2016/12/29, 319
2016/12/30, 254
2016/12/31, 258
2017/1/1, 222
2016/7/1, 98
2016/7/2, 75
2016/7/5, 119
2016/7/6, 157
2016/7/7, 107
2016/7/8, 125
2016/7/9, 128
2016/7/10, 102
2016/7/11, 117
2016/7/12, 79
2016/7/13, 97
2016/7/14, 99
2016/7/15, 87
2016/7/16, 67
2016/7/17, 86
2016/7/18, 71
2016/7/19, 78
2016/7/20, 95
2016/7/21, 85
2016/7/22, 103
2016/7/23, 89
2016/7/24, 120
2016/7/25, 153
2016/7/26, 131
2016/7/27, 104
2016/7/28, 101
2016/7/29, 125
2016/7/30, 90
2016/7/31, 113
2016/8/1, 79
2016/8/2, 78
2016/8/3, 69
2016/8/4, 76
2016/8/5, 84
2016/8/6, 78
2016/8/7, 87
2016/8/8, 79
2016/8/9, 77
2016/8/10, 77
2016/8/11, 65
2016/8/12, 98
2016/8/13, 108
2016/8/14, 95
2016/8/15, 103
2016/8/16, 87
2016/8/17, 107
2016/8/18, 127
2016/8/19, 117
2016/8/20, 88
2016/8/21, 61
2016/8/22, 60
2016/8/23, 88
2016/8/24, 82
2016/8/25, 86
2016/8/26, 121
2016/8/27, 99
2016/8/28, 111
2016/8/29, 99
2016/8/30, 101
2016/8/31, 73
2016/9/1, 63
2016/9/2, 97
2016/9/3, 98
2016/9/4, 83
2016/9/5, 70
2016/9/6, 73
2016/9/7, 89
2016/9/8, 93
2016/9/9, 95
2016/9/10, 79
2016/9/11, 72
2016/9/12, 75
2016/9/13, 108
2016/9/14, 93
2016/9/15, 153
2016/9/16, 132
2016/9/17, 155
2016/9/18, 161
2016/9/19, 147
2016/9/20, 165
2016/9/21, 154
2016/9/22, 75
2016/9/23, 105
2016/9/24, 123
2016/9/25, 130
2016/9/26, 150
2016/9/27, 124
2016/9/28, 162
2016/9/29, 170
2016/9/30, 144
2016/4/1, 145
2016/4/2, 124
2016/4/3, 186
2016/4/4, 135
2016/4/5, 111
2016/4/6, 115
2016/4/7, 164
2016/4/8, 103
2016/4/9, 161
2016/4/10, 105
2016/4/11, 97
2016/4/12, 89
2016/4/13, 111
2016/4/14, 132
2016/4/15, 158
2016/4/16, 150
2016/4/17, 132
2016/4/18, 124
2016/4/19, 158
2016/4/20, 148
2016/4/21, 134
2016/4/22, 152
2016/4/23, 116
2016/4/24, 182
2016/4/25, 160
2016/4/26, 176
2016/4/27, 194
2016/4/28, 272
2016/4/29, 271
2016/4/30, 341
2016/5/1, 212
2016/5/2, 158
2016/5/3, 154
2016/5/4, 173
2016/5/5, 133
2016/5/6, 99
2016/5/7, 141
2016/5/8, 159
2016/5/9, 162
2016/5/10, 151
2016/5/11, 137
2016/5/12, 173
2016/5/13, 142
2016/5/14, 148
2016/5/15, 171
2016/5/16, 132
2016/5/17, 147
2016/5/18, 146
2016/5/19, 163
2016/5/20, 140
2016/5/21, 147
2016/5/22, 135
2016/5/23, 116
2016/5/24, 109
2016/5/25, 163
2016/5/26, 165
2016/5/27, 201
2016/5/28, 161
2016/5/29, 78
2016/5/30, 106
2016/5/31, 138
2016/6/1, 120
2016/6/2, 116
2016/6/3, 162
2016/6/4, 158
2016/6/5, 147
2016/6/6, 109
2016/6/7, 124
2016/6/8, 132
2016/6/9, 134
2016/6/10, 136
2016/6/11, 99
2016/6/12, 114
2016/6/13, 149
2016/6/14, 98
2016/6/15, 155
2016/6/16, 107
2016/6/17, 108
2016/6/18, 135
2016/6/19, 111
2016/6/20, 105
2016/6/21, 94
2016/6/22, 118
2016/6/23, 114
2016/6/24, 154
2016/6/25, 151
2016/6/26, 143
2016/6/27, 149
2016/6/28, 119
2016/6/29, 92
2016/6/30, 102
2016/1/4, 434
2016/1/5, 391
2016/1/6, 394
2016/1/7, 467
2016/1/8, 432
2016/1/9, 268
2016/1/10, 233
2016/1/11, 265
2016/1/12, 255
2016/1/13, 347
2016/1/14, 301
2016/1/15, 237
2016/1/16, 201
2016/1/17, 232
2016/1/18, 321
2016/1/19, 351
2016/1/20, 339
2016/1/21, 257
2016/1/22, 371
2016/1/23, 322
2016/1/24, 395
2016/1/25, 293
2016/1/26, 384
2016/1/27, 325
2016/1/28, 328
2016/1/29, 384
2016/1/30, 378
2016/1/31, 314
2016/2/1, 184
2016/2/2, 195
2016/2/3, 220
2016/2/4, 195
2016/2/5, 275
2016/2/6, 314
2016/2/7, 247
2016/2/8, 195
2016/2/9, 255
2016/2/10, 276
2016/2/11, 181
2016/2/12, 182
2016/2/13, 164
2016/2/14, 172
2016/2/15, 174
2016/2/16, 180
2016/2/17, 184
2016/2/18, 217
2016/2/19, 268
2016/2/20, 213
2016/2/21, 143
2016/2/22, 144
2016/2/23, 149
2016/2/24, 210
2016/2/25, 182
2016/2/26, 189
2016/2/27, 207
2016/2/28, 244
2016/2/29, 214
2016/3/1, 253
2016/3/2, 195
2016/3/3, 190
2016/3/4, 177
2016/3/5, 107
2016/3/6, 104
2016/3/7, 168
2016/3/8, 147
2016/3/9, 182
2016/3/10, 210
2016/3/11, 158
2016/3/12, 98
2016/3/13, 71
2016/3/14, 97
2016/3/15, 143
2016/3/16, 145
2016/3/17, 120
2016/3/18, 142
2016/3/21, 71
2016/3/22, 76
2016/3/23, 123
2016/3/24, 202
2016/3/25, 181
2016/3/26, 108
2016/3/27, 96
2016/3/28, 132
2016/3/29, 160
2016/3/30, 163
2016/3/31, 151
2015/10/1, 136
2015/10/2, 149
2015/10/3, 143
2015/10/4, 147
2015/10/5, 162
2015/10/6, 165
2015/10/7, 180
2015/10/8, 170
2015/10/9, 151
2015/10/10, 133
2015/10/11, 126
2015/10/12, 142
2015/10/13, 164
2015/10/14, 156
2015/10/15, 163
2015/10/16, 181
2015/10/17, 192
2015/10/18, 226
2015/10/19, 220
2015/10/20, 212
2015/10/21, 221
2015/10/26, 153
2015/10/27, 176
2015/10/28, 163
2015/10/29, 143
2015/10/30, 165
2015/10/31, 263
2015/11/1, 271
2015/11/2, 224
2015/11/3, 257
2015/11/4, 315
2015/11/5, 214
2015/11/6, 215
2015/11/7, 413
2015/11/8, 298
2015/11/9, 231
2015/11/10, 305
2015/11/11, 258
2015/11/12, 319
2015/11/13, 390
2015/11/14, 317
2015/11/15, 265
2015/11/16, 217
2015/11/17, 196
2015/11/18, 230
2015/11/19, 254
2015/11/20, 316
2015/11/21, 325
2015/11/22, 307
2015/11/23, 328
2015/11/24, 326
2015/11/25, 223
2015/11/26, 212
2015/11/27, 243
2015/11/28, 300
2015/11/29, 339
2015/11/30, 385
2015/12/1, 267
2015/12/2, 247
2015/12/3, 279
2015/12/4, 247
2015/12/5, 301
2015/12/6, 356
2015/12/7, 332
2015/12/8, 338
2015/12/9, 352
2015/12/10, 313
2015/12/11, 318
2015/12/12, 306
2015/12/13, 224
2015/12/14, 227
2015/12/15, 216
2015/12/16, 223
2015/12/17, 287
2015/12/18, 327
2015/12/19, 302
2015/12/20, 310
2015/12/21, 310
2015/12/22, 371
2015/12/23, 452
2015/12/24, 286
2015/12/25, 236
2015/12/26, 262
2015/12/27, 307
2015/12/28, 252
2015/12/29, 256
2015/12/30, 268
2016/1/3, 342
2015/7/1, 110
2015/7/2, 102
2015/7/3, 105
2015/7/4, 126
2015/7/5, 183
2015/7/6, 105
2015/7/7, 69
2015/7/8, 125
2015/7/9, 113
2015/7/10, 91
2015/7/11, 64
2015/7/12, 66
2015/7/13, 77
2015/7/14, 96
2015/7/17, 142
2015/7/18, 131
2015/7/19, 124
2015/7/20, 87
2015/7/21, 74
2015/7/22, 71
2015/7/23, 65
2015/7/24, 78
2015/7/27, 34
2015/7/28, 32
2015/7/29, 35
2015/7/30, 22
2015/7/31, 55
2015/8/1, 63
2015/8/2, 78
2015/8/3, 75
2015/8/4, 82
2015/8/5, 110
2015/8/6, 111
2015/8/7, 92
2015/8/8, 120
2015/8/9, 92
2015/8/10, 141
2015/8/11, 135
2015/8/12, 91
2015/8/13, 118
2015/8/14, 117
2015/8/15, 88
2015/8/16, 87
2015/8/17, 108
2015/8/18, 103
2015/8/19, 47
2015/8/20, 57
2015/8/21, 70
2015/8/22, 80
2015/8/23, 85
2015/8/24, 71
2015/8/25, 81
2015/8/26, 86
2015/8/27, 102
2015/8/28, 149
2015/8/29, 111
2015/8/30, 88
2015/8/31, 80
2015/9/1, 108
2015/9/2, 147
2015/9/3, 150
2015/9/4, 137
2015/9/5, 119
2015/9/6, 107
2015/9/7, 100
2015/9/8, 110
2015/9/9, 99
2015/9/10, 107
2015/9/11, 134
2015/9/12, 154
2015/9/13, 158
2015/9/14, 169
2015/9/15, 167
2015/9/16, 163
2015/9/17, 167
2015/9/18, 108
2015/9/19, 134
2015/9/20, 117
2015/9/21, 72
2015/9/22, 72
2015/9/23, 38
2015/9/24, 84
2015/9/25, 112
2015/9/26, 121
2015/9/27, 138
2015/9/28, 126
2015/9/29, 133
2015/9/30, 98
2015/4/1, 152
2015/4/2, 156
2015/4/3, 105
2015/4/4, 84
2015/4/5, 113
2015/4/6, 168
2015/4/7, 140
2015/4/8, 154
2015/4/9, 146
2015/4/10, 135
2015/4/11, 143
2015/4/12, 109
2015/4/13, 134
2015/4/14, 128
2015/4/15, 131
2015/4/16, 118
2015/4/17, 126
2015/4/18, 165
2015/4/19, 165
2015/4/20, 172
2015/4/21, 152
2015/4/22, 142
2015/4/23, 131
2015/4/24, 171
2015/4/25, 159
2015/4/26, 90
2015/4/27, 127
2015/4/28, 110
2015/4/29, 111
2015/4/30, 130
2015/5/1, 116
2015/5/2, 129
2015/5/3, 176
2015/5/4, 151
2015/5/5, 183
2015/5/6, 187
2015/5/7, 156
2015/5/8, 158
2015/5/9, 161
2015/5/10, 155
2015/5/11, 156
2015/5/12, 159
2015/5/13, 129
2015/5/14, 133
2015/5/15, 141
2015/5/16, 157
2015/5/17, 141
2015/5/18, 135
2015/5/19, 103
2015/5/20, 132
2015/5/21, 146
2015/5/22, 121
2015/5/23, 114
2015/5/24, 145
2015/5/25, 154
2015/5/26, 150
2015/5/27, 137
2015/5/28, 189
2015/5/29, 148
2015/5/30, 145
2015/5/31, 131
2015/6/1, 91
2015/6/2, 61
2015/6/3, 108
2015/6/4, 137
2015/6/5, 172
2015/6/6, 136
2015/6/7, 137
2015/6/8, 136
2015/6/9, 153
2015/6/10, 95
2015/6/11, 131
2015/6/12, 86
2015/6/13, 96
2015/6/14, 113
2015/6/15, 159
2015/6/16, 160
2015/6/17, 163
2015/6/18, 170
2015/6/19, 163
2015/6/20, 103
2015/6/21, 79
2015/6/22, 114
2015/6/23, 132
2015/6/24, 170
2015/6/25, 86
2015/6/26, 131
2015/6/27, 112
2015/6/28, 125
2015/6/29, 99
2015/6/30, 103
2015/1/1, 272
2015/1/2, 293
2015/1/3, 173
2015/1/4, 190
2015/1/5, 191
2015/1/6, 190
2015/1/7, 249
2015/1/8, 265
2015/1/9, 306
2015/1/10, 298
2015/1/11, 285
2015/1/12, 301
2015/1/13, 298
2015/1/14, 276
2015/1/15, 253
2015/1/16, 259
2015/1/17, 261
2015/1/18, 280
2015/1/19, 260
2015/1/20, 259
2015/1/21, 263
2015/1/22, 238
2015/1/23, 176
2015/1/24, 168
2015/1/25, 181
2015/1/26, 199
2015/1/27, 213
2015/1/28, 199
2015/1/29, 218
2015/1/30, 208
2015/1/31, 181
2015/2/1, 264
2015/2/2, 244
2015/2/3, 212
2015/2/4, 190
2015/2/5, 177
2015/2/6, 195
2015/2/7, 207
2015/2/8, 197
2015/2/9, 179
2015/2/10, 172
2015/2/11, 187
2015/2/12, 211
2015/2/13, 197
2015/2/14, 185
2015/2/15, 221
2015/2/16, 224
2015/2/17, 206
2015/2/18, 225
2015/2/19, 228
2015/2/20, 200
2015/2/21, 179
2015/2/22, 160
2015/2/23, 175
2015/2/24, 226
2015/2/25, 210
2015/2/26, 176
2015/2/27, 158
2015/2/28, 160
2015/3/1, 174
2015/3/3, 131
2015/3/4, 161
2015/3/5, 169
2015/3/6, 177
2015/3/7, 132
2015/3/8, 122
2015/3/9, 107
2015/3/10, 148
2015/3/11, 172
2015/3/12, 190
2015/3/13, 186
2015/3/14, 169
2015/3/15, 91
2015/3/16, 80
2015/3/17, 134
2015/3/18, 139
2015/3/19, 135
2015/3/20, 160
2015/3/21, 166
2015/3/22, 160
2015/3/23, 152
2015/3/24, 154
2015/3/25, 164
2015/3/26, 179
2015/3/27, 141
2015/3/28, 150
2015/3/29, 173
2015/3/30, 134
2015/3/31, 79
2014/12/10, 231
2014/12/11, 201
2014/12/12, 237
2014/12/13, 295
2014/12/14, 185
2014/12/15, 160
2014/12/16, 184
2014/12/17, 216
2014/12/18, 239
2014/12/19, 336
2014/12/20, 342
2014/12/21, 254
2014/12/22, 414
2014/12/23, 372
2014/12/24, 413
2014/12/25, 393
2014/12/26, 289
2014/12/27, 274
2014/12/28, 383